Workbook

Sheet ابدأ من هنا
A1: 🎬 نظام إدارة مشاريع إنتاج المحتوى الإسلامي
A2: ⚠️ تنبيه: جميع البيانات في هذا الملف وهمية (Demo Data) وُضعت لغرض العرض التوضيحي فقط
A4: 📌 عن المشروع
A5: منصة لإدارة إنتاج ومونتاج مقاطع الفيديو الإسلامية وترجمتها إلى 51 لغة. يتابع الملف دورة حياة كل مقطع من الرفع حتى الاعتماد، ويوزّع المهام على المحررين بحدّ أقصى 3 مشاريع نشطة لكل محرر، مع احتساب الحالة والإحصائيات تلقائياً.
A9: 🗂️ دليل الصفحات
A10: الصفحة | B10: الوصف
A11: 📊 لوحة التحكم | B11: مؤشرات المشروع لحظياً: الإجمالي، المعتمد، قيد العمل، نسبة الإنجاز
A12: 📋 المهام | B12: السجل الرئيسي لكل مقطع ولغته ومحرره وحالته — مع فلتر بحث جاهز
A13: 👥 إدارة المحررين | B13: الحمل النشط وحالة كل محرر (🟢 متاح / 🔴 مشغول) بالمعادلات
A14: 📈 إحصائيات المحررين | B14: عدد مشاريع كل محرر ونسبة إنجازه ورسم بياني مقارن
A15: ✅ المقاطع المعتمدة | B15: أرشيف المقاطع المنتهية مع مدة تنفيذ كل مقطع
A17: ⚙️ القاعدة الأساسية
A18: أي مهمة حالتها ليست «معتمد نهائياً» تُحتسب مهمة نشطة تستهلك مقعداً من المحرر. عند بلوغ 3 مهام نشطة تتحوّل حالته تلقائياً إلى 🔴 مشغول فلا يُكلَّف بمقطع جديد.
A21: 🔍 كيف تبحث داخل جدول المهام
A22: • اضغط على سهم الفلتر في رأس عمود «اللغة» واختر اللغة المطلوبة.
A23: • يمكن الفلترة بأكثر من عمود معاً: اللغة + الحالة + المحرر.
A24: • لإلغاء الفلترة: البيانات ← مسح عوامل التصفية.

Sheet لوحة التحكم
A1: 📊 لوحة التحكم
A2: ⚠️ تنبيه: جميع البيانات في هذا الملف وهمية (Demo Data) وُضعت لغرض العرض التوضيحي فقط
A4: 📁 المهام | D4: 👥 المحررون
A5: إجمالي المقاطع | C5: =COUNTA(المهام!A4:A2000) -> 44 | D5: إجمالي المحررين | F5: =COUNTIF('إدارة المحررين'!D4:D200,"🟢 متاح")+COUNTIF('إدارة المحررين'!D4:D200,"🔴 مشغول") -> 9
A6: المهام النشطة | C6: =COUNTA(المهام!A4:A2000)-COUNTIF(المهام!E4:E2000,"معتمد نهائياً") -> 18 | D6: 🟢 متاحون | F6: =COUNTIF('إدارة المحررين'!D4:D200,"🟢 متاح") -> 6
A7: نسبة الإنجاز | C7: =IFERROR(COUNTIF(المهام!E4:E2000,"معتمد نهائياً")/COUNTA(المهام!A4:A2000),0) -> 0.59090909 | D7: 🔴 مشغولون | F7: =COUNTIF('إدارة المحررين'!D4:D200,"🔴 مشغول") -> 3
A8: لغات مغطّاة | C8: =SUMPRODUCT((COUNTIF(المهام!B4:B2000,المهام!B4:B2000)>0)/(COUNTIF(المهام!B4:B2000,المهام!B4:B2000)+(المهام!B4:B2000=""))) -> 32 | D8: مقاعد شاغرة | F8: =SUM('إدارة المحررين'!B4:B200)-SUM('إدارة المحررين'!C4:C200) -> 12
A10: 🚦 توزيع المهام على الحالات
A11: الحالة | B11: العدد | C11: النسبة من الإجمالي
A12: قيد التكليف | B12: =COUNTIF(المهام!E4:E2000,"قيد التكليف") -> 8 | C12: =IFERROR(COUNTIF(المهام!E4:E2000,"قيد التكليف")/COUNTA(المهام!A4:A2000),0) -> 0.18181818
A13: قيد التحرير | B13: =COUNTIF(المهام!E4:E2000,"قيد التحرير") -> 3 | C13: =IFERROR(COUNTIF(المهام!E4:E2000,"قيد التحرير")/COUNTA(المهام!A4:A2000),0) -> 0.068181818
A14: بانتظار التقييم | B14: =COUNTIF(المهام!E4:E2000,"بانتظار التقييم") -> 3 | C14: =IFERROR(COUNTIF(المهام!E4:E2000,"بانتظار التقييم")/COUNTA(المهام!A4:A2000),0) -> 0.068181818
A15: مطلوب تعديل | B15: =COUNTIF(المهام!E4:E2000,"مطلوب تعديل") -> 4 | C15: =IFERROR(COUNTIF(المهام!E4:E2000,"مطلوب تعديل")/COUNTA(المهام!A4:A2000),0) -> 0.090909091
A16: معتمد نهائياً | B16: =COUNTIF(المهام!E4:E2000,"معتمد نهائياً") -> 26 | C16: =IFERROR(COUNTIF(المهام!E4:E2000,"معتمد نهائياً")/COUNTA(المهام!A4:A2000),0) -> 0.59090909

Sheet المهام
A1: 📋 سجل المهام — كل مقطع ولغته ومحرره وحالته
A2: ⚠️ تنبيه: جميع البيانات في هذا الملف وهمية (Demo Data) وُضعت لغرض العرض التوضيحي فقط
A3: اسم المقطع | B3: اللغة | C3: المحرر | D3: المقيّم اللغوي | E3: الحالة | F3: تاريخ التكليف | G3: آخر تحديث | H3: ملاحظات
A4: آداب المسجد | B4: مقدوني | C4: خالد الشهري | E4: قيد التكليف | F4: 46267 | H4: أولوية عالية
A5: آداب المسجد | B5: فارسي | C5: خالد الشهري | D5: د. ليلى الرشيد | E5: مطلوب تعديل | F5: 46287 | G5: 46293 | H5: تعديل توقيت الترجمة
A6: آداب المسجد | B6: كوري | C6: هند الغامدي | E6: قيد التحرير | F6: 46269 | G6: 46275
A7: أذكار الصباح والمساء | B7: أوزبكي | C7: فاطمة العتيبي | D7: د. محمد السالم | E7: بانتظار التقييم | F7: 46273 | G7: 46276 | H7: بانتظار ملف الصوت
A8: أركان الإسلام | B8: تاميلي | C8: مريم الدوسري | E8: قيد التكليف | F8: 46280
A9: أركان الإيمان | B9: بشتو | C9: أحمد الزهراني | E9: قيد التكليف | F9: 46284
A10: أركان الإيمان | B10: روسي | C10: أحمد الزهراني | E10: قيد التحرير | F10: 46275 | G10: 46282 | H10: مراجعة النطق
A11: بر الوالدين | B11: قرغيزي | C11: خالد الشهري | D11: د. محمد السالم | E11: مطلوب تعديل | F11: 46284 | G11: 46292 | H11: تعديل توقيت الترجمة
A12: بر الوالدين | B12: هولندي | C12: نورة القحطاني | D12: د. سارة الأنصاري | E12: مطلوب تعديل | F12: 46278 | G12: 46286 | H12: تعديل توقيت الترجمة
A13: صفة التيمم | B13: مليالم | C13: مريم الدوسري | E13: قيد التكليف | F13: 46281
A14: صفة الحج | B14: برتغالي | C14: أحمد الزهراني | D14: د. طارق المنصور | E14: بانتظار التقييم | F14: 46283 | G14: 46286
A15: صفة الحج | B15: لوغندي | E15: قيد التكليف | F15: 46293 | H15: بانتظار تعيين محرر
A16: صفة العمرة | B16: لوغندي | C16: فاطمة العتيبي | D16: د. طارق المنصور | E16: مطلوب تعديل | F16: 46276 | G16: 46284 | H16: إعادة ضبط الصوت
A17: صفة العمرة | B17: إنجليزي | C17: سلطان المالكي | E17: قيد التكليف | F17: 46272 | H17: مراجعة النطق
A18: صفة الوضوء | B18: ديفهي | C18: سلطان المالكي | E18: قيد التحرير | F18: 46283 | G18: 46285 | H18: تحسين التوقيت
A19: صفة الوضوء | B19: كنادي | E19: قيد التكليف | F19: 46293 | H19: بانتظار تعيين محرر
A20: فضل الصدقة | B20: تركي | C20: سلطان المالكي | D20: د. محمد السالم | E20: بانتظار التقييم | F20: 46285 | G20: 46291 | H20: أولوية عالية
A21: فضل الصدقة | B21: كوري | E21: قيد التكليف | F21: 46293 | H21: بانتظار تعيين محرر
A22: آداب المسجد | B22: تايلندي | C22: مريم الدوسري | D22: د. ليلى الرشيد | E22: معتمد نهائياً | F22: 46204 | G22: 46211
A23: أذكار الصباح والمساء | B23: كريولي | C23: خالد الشهري | D23: د. محمد السالم | E23: معتمد نهائياً | F23: 46206 | G23: 46221
A24: أذكار الصباح والمساء | B24: مليالم | C24: عبدالله الحربي | D24: د. سارة الأنصاري | E24: معتمد نهائياً | F24: 46239 | G24: 46248
A25: أذكار الصباح والمساء | B25: تاميلي | C25: يوسف البقمي | D25: د. محمد السالم | E25: معتمد نهائياً | F25: 46214 | G25: 46227
A26: أركان الإيمان | B26: بنغالي | C26: سلطان المالكي | D26: د. سارة الأنصاري | E26: معتمد نهائياً | F26: 46217 | G26: 46229
A27: أركان الإيمان | B27: لاو | C27: يوسف البقمي | D27: د. طارق المنصور | E27: معتمد نهائياً | F27: 46227 | G27: 46234
A28: صفة التيمم | B28: كريولي | C28: أحمد الزهراني | D28: د. محمد السالم | E28: معتمد نهائياً | F28: 46208 | G28: 46216
A29: صفة التيمم | B29: مندنكا | C29: فاطمة العتيبي | D29: د. طارق المنصور | E29: معتمد نهائياً | F29: 46224 | G29: 46236
A30: صفة التيمم | B30: أورومي | C30: عبدالله الحربي | D30: د. ليلى الرشيد | E30: معتمد نهائياً | F30: 46221 | G30: 46237
A31: صفة الحج | B31: صربي | C31: أحمد الزهراني | D31: د. محمد السالم | E31: معتمد نهائياً | F31: 46207 | G31: 46221
A32: صفة الحج | B32: فارسي | C32: فاطمة العتيبي | D32: د. محمد السالم | E32: معتمد نهائياً | F32: 46208 | G32: 46222
A33: صفة الحج | B33: ديفهي | C33: خالد الشهري | D33: د. عمر الجابر | E33: معتمد نهائياً | F33: 46254 | G33: 46264
... A47: صفة الوضوء | B47: تلقو | C47: مريم الدوسري | D47: د. سارة الأنصاري | E47: معتمد نهائياً | F47: 46257 | G47: 46271

Sheet إدارة المحررين
A1: 👥 إدارة المحررين — الحمل النشط والحالة تلقائياً
A2: ⚠️ تنبيه: جميع البيانات في هذا الملف وهمية (Demo Data) وُضعت لغرض العرض التوضيحي فقط
A3: اسم المحرر | B3: الحد الأقصى | C3: المهام النشطة | D3: الحالة | E3: المقاعد المتاحة | H3: 🧮 المعادلتان المستخدمتان
A4: أحمد الزهراني | B4: 3 | C4: =COUNTIFS(المهام!C:C,A4,المهام!E:E,"<>معتمد نهائياً",المهام!E:E,"<>") -> 3 | D4: =IF(C4>=B4,"🔴 مشغول","🟢 متاح") -> 🔴 مشغول | E4: =MAX(0,B4-C4) -> 0 | H4: المهام النشطة | I4: COUNTIFS(المهام!C:C ; الاسم ; المهام!E:E ; "<>معتمد نهائياً" ; المهام!E:E ; "<>")
A5: فاطمة العتيبي | B5: 3 | C5: =COUNTIFS(المهام!C:C,A5,المهام!E:E,"<>معتمد نهائياً",المهام!E:E,"<>") -> 2 | D5: =IF(C5>=B5,"🔴 مشغول","🟢 متاح") -> 🟢 متاح | E5: =MAX(0,B5-C5) -> 1 | H5: حالة المحرر | I5: IF(المهام النشطة >= الحد الأقصى ; "🔴 مشغول" ; "🟢 متاح")
A6: خالد الشهري | B6: 3 | C6: =COUNTIFS(المهام!C:C,A6,المهام!E:E,"<>معتمد نهائياً",المهام!E:E,"<>") -> 3 | D6: =IF(C6>=B6,"🔴 مشغول","🟢 متاح") -> 🔴 مشغول | E6: =MAX(0,B6-C6) -> 0
A7: نورة القحطاني | B7: 3 | C7: =COUNTIFS(المهام!C:C,A7,المهام!E:E,"<>معتمد نهائياً",المهام!E:E,"<>") -> 1 | D7: =IF(C7>=B7,"🔴 مشغول","🟢 متاح") -> 🟢 متاح | E7: =MAX(0,B7-C7) -> 2
A8: عبدالله الحربي | B8: 3 | C8: =COUNTIFS(المهام!C:C,A8,المهام!E:E,"<>معتمد نهائياً",المهام!E:E,"<>") -> 0 | D8: =IF(C8>=B8,"🔴 مشغول","🟢 متاح") -> 🟢 متاح | E8: =MAX(0,B8-C8) -> 3
A9: مريم الدوسري | B9: 3 | C9: =COUNTIFS(المهام!C:C,A9,المهام!E:E,"<>معتمد نهائياً",المهام!E:E,"<>") -> 2 | D9: =IF(C9>=B9,"🔴 مشغول","🟢 متاح") -> 🟢 متاح | E9: =MAX(0,B9-C9) -> 1
A10: سلطان المالكي | B10: 3 | C10: =COUNTIFS(المهام!C:C,A10,المهام!E:E,"<>معتمد نهائياً",المهام!E:E,"<>") -> 3 | D10: =IF(C10>=B10,"🔴 مشغول","🟢 متاح") -> 🔴 مشغول | E10: =MAX(0,B10-C10) -> 0
A11: هند الغامدي | B11: 3 | C11: =COUNTIFS(المهام!C:C,A11,المهام!E:E,"<>معتمد نهائياً",المهام!E:E,"<>") -> 1 | D11: =IF(C11>=B11,"🔴 مشغول","🟢 متاح") -> 🟢 متاح | E11: =MAX(0,B11-C11) -> 2
A12: يوسف البقمي | B12: 3 | C12: =COUNTIFS(المهام!C:C,A12,المهام!E:E,"<>معتمد نهائياً",المهام!E:E,"<>") -> 0 | D12: =IF(C12>=B12,"🔴 مشغول","🟢 متاح") -> 🟢 متاح | E12: =MAX(0,B12-C12) -> 3

Sheet إحصائيات المحررين
A1: 📈 إحصائيات المحررين — عدد المشاريع ونسبة الإنجاز
A2: ⚠️ تنبيه: جميع البيانات في هذا الملف وهمية (Demo Data) وُضعت لغرض العرض التوضيحي فقط
A3: اسم المحرر | B3: إجمالي المشاريع | C3: معتمدة | D3: قيد التحرير | E3: بانتظار التقييم | F3: مطلوب تعديل | G3: نسبة الإنجاز
A4: =IFERROR(INDEX('إدارة المحررين'!A:A,ROW()),"") -> أحمد الزهراني | B4: =COUNTIF(المهام!C:C,A4) -> 8 | C4: =COUNTIFS(المهام!C:C,A4,المهام!E:E,"معتمد نهائياً") -> 5 | D4: =COUNTIFS(المهام!C:C,A4,المهام!E:E,"قيد التحرير") -> 1 | E4: =COUNTIFS(المهام!C:C,A4,المهام!E:E,"بانتظار التقييم") -> 1 | F4: =COUNTIFS(المهام!C:C,A4,المهام!E:E,"مطلوب تعديل") -> 0 | G4: =IFERROR(IF(B4=0,0,C4/B4),0) -> 0.625
A5: =IFERROR(INDEX('إدارة المحررين'!A:A,ROW()),"") -> فاطمة العتيبي | B5: =COUNTIF(المهام!C:C,A5) -> 6 | C5: =COUNTIFS(المهام!C:C,A5,المهام!E:E,"معتمد نهائياً") -> 4 | D5: =COUNTIFS(المهام!C:C,A5,المهام!E:E,"قيد التحرير") -> 0 | E5: =COUNTIFS(المهام!C:C,A5,المهام!E:E,"بانتظار التقييم") -> 1 | F5: =COUNTIFS(المهام!C:C,A5,المهام!E:E,"مطلوب تعديل") -> 1 | G5: =IFERROR(IF(B5=0,0,C5/B5),0) -> 0.66666667
A6: =IFERROR(INDEX('إدارة المحررين'!A:A,ROW()),"") -> خالد الشهري | B6: =COUNTIF(المهام!C:C,A6) -> 6 | C6: =COUNTIFS(المهام!C:C,A6,المهام!E:E,"معتمد نهائياً") -> 3 | D6: =COUNTIFS(المهام!C:C,A6,المهام!E:E,"قيد التحرير") -> 0 | E6: =COUNTIFS(المهام!C:C,A6,المهام!E:E,"بانتظار التقييم") -> 0 | F6: =COUNTIFS(المهام!C:C,A6,المهام!E:E,"مطلوب تعديل") -> 2 | G6: =IFERROR(IF(B6=0,0,C6/B6),0) -> 0.5
A7: =IFERROR(INDEX('إدارة المحررين'!A:A,ROW()),"") -> نورة القحطاني | B7: =COUNTIF(المهام!C:C,A7) -> 3 | C7: =COUNTIFS(المهام!C:C,A7,المهام!E:E,"معتمد نهائياً") -> 2 | D7: =COUNTIFS(المهام!C:C,A7,المهام!E:E,"قيد التحرير") -> 0 | E7: =COUNTIFS(المهام!C:C,A7,المهام!E:E,"بانتظار التقييم") -> 0 | F7: =COUNTIFS(المهام!C:C,A7,المهام!E:E,"مطلوب تعديل") -> 1 | G7: =IFERROR(IF(B7=0,0,C7/B7),0) -> 0.66666667
A8: =IFERROR(INDEX('إدارة المحررين'!A:A,ROW()),"") -> عبدالله الحربي | B8: =COUNTIF(المهام!C:C,A8) -> 4 | C8: =COUNTIFS(المهام!C:C,A8,المهام!E:E,"معتمد نهائياً") -> 4 | D8: =COUNTIFS(المهام!C:C,A8,المهام!E:E,"قيد التحرير") -> 0 | E8: =COUNTIFS(المهام!C:C,A8,المهام!E:E,"بانتظار التقييم") -> 0 | F8: =COUNTIFS(المهام!C:C,A8,المهام!E:E,"مطلوب تعديل") -> 0 | G8: =IFERROR(IF(B8=0,0,C8/B8),0) -> 1
A9: =IFERROR(INDEX('إدارة المحررين'!A:A,ROW()),"") -> مريم الدوسري | B9: =COUNTIF(المهام!C:C,A9) -> 5 | C9: =COUNTIFS(المهام!C:C,A9,المهام!E:E,"معتمد نهائياً") -> 3 | D9: =COUNTIFS(المهام!C:C,A9,المهام!E:E,"قيد التحرير") -> 0 | E9: =COUNTIFS(المهام!C:C,A9,المهام!E:E,"بانتظار التقييم") -> 0 | F9: =COUNTIFS(المهام!C:C,A9,المهام!E:E,"مطلوب تعديل") -> 0 | G9: =IFERROR(IF(B9=0,0,C9/B9),0) -> 0.6
A10: =IFERROR(INDEX('إدارة المحررين'!A:A,ROW()),"") -> سلطان المالكي | B10: =COUNTIF(المهام!C:C,A10) -> 5 | C10: =COUNTIFS(المهام!C:C,A10,المهام!E:E,"معتمد نهائياً") -> 2 | D10: =COUNTIFS(المهام!C:C,A10,المهام!E:E,"قيد التحرير") -> 1 | E10: =COUNTIFS(المهام!C:C,A10,المهام!E:E,"بانتظار التقييم") -> 1 | F10: =COUNTIFS(المهام!C:C,A10,المهام!E:E,"مطلوب تعديل") -> 0 | G10: =IFERROR(IF(B10=0,0,C10/B10),0) -> 0.4
A11: =IFERROR(INDEX('إدارة المحررين'!A:A,ROW()),"") -> هند الغامدي | B11: =COUNTIF(المهام!C:C,A11) -> 2 | C11: =COUNTIFS(المهام!C:C,A11,المهام!E:E,"معتمد نهائياً") -> 1 | D11: =COUNTIFS(المهام!C:C,A11,المهام!E:E,"قيد التحرير") -> 1 | E11: =COUNTIFS(المهام!C:C,A11,المهام!E:E,"بانتظار التقييم") -> 0 | F11: =COUNTIFS(المهام!C:C,A11,المهام!E:E,"مطلوب تعديل") -> 0 | G11: =IFERROR(IF(B11=0,0,C11/B11),0) -> 0.5
A12: =IFERROR(INDEX('إدارة المحررين'!A:A,ROW()),"") -> يوسف البقمي | B12: =COUNTIF(المهام!C:C,A12) -> 2 | C12: =COUNTIFS(المهام!C:C,A12,المهام!E:E,"معتمد نهائياً") -> 2 | D12: =COUNTIFS(المهام!C:C,A12,المهام!E:E,"قيد التحرير") -> 0 | E12: =COUNTIFS(المهام!C:C,A12,المهام!E:E,"بانتظار التقييم") -> 0 | F12: =COUNTIFS(المهام!C:C,A12,المهام!E:E,"مطلوب تعديل") -> 0 | G12: =IFERROR(IF(B12=0,0,C12/B12),0) -> 1

Sheet المقاطع المعتمدة
A1: ✅ أرشيف المقاطع المعتمدة نهائياً
A2: ⚠️ تنبيه: جميع البيانات في هذا الملف وهمية (Demo Data) وُضعت لغرض العرض التوضيحي فقط
A3: اسم المقطع | B3: اللغة | C3: المحرر | D3: المقيّم اللغوي | E3: تاريخ التكليف | F3: تاريخ الاعتماد | G3: مدة التنفيذ (يوم)
A4: آداب المسجد | B4: تايلندي | C4: مريم الدوسري | D4: د. ليلى الرشيد | E4: 46204 | F4: 46211 | G4: =IFERROR(F4-E4,"") -> 7
A5: صفة التيمم | B5: كريولي | C5: أحمد الزهراني | D5: د. محمد السالم | E5: 46208 | F5: 46216 | G5: =IFERROR(F5-E5,"") -> 8
A6: صفة الصلاة | B6: غوجراتي | C6: أحمد الزهراني | D6: د. طارق المنصور | E6: 46210 | F6: 46220 | G6: =IFERROR(F6-E6,"") -> 10
A7: أذكار الصباح والمساء | B7: كريولي | C7: خالد الشهري | D7: د. محمد السالم | E7: 46206 | F7: 46221 | G7: =IFERROR(F7-E7,"") -> 15
A8: صفة الحج | B8: صربي | C8: أحمد الزهراني | D8: د. محمد السالم | E8: 46207 | F8: 46221 | G8: =IFERROR(F8-E8,"") -> 14
A9: صفة الصلاة | B9: هندي | C9: عبدالله الحربي | D9: د. سارة الأنصاري | E9: 46213 | F9: 46221 | G9: =IFERROR(F9-E9,"") -> 8
A10: صفة الحج | B10: فارسي | C10: فاطمة العتيبي | D10: د. محمد السالم | E10: 46208 | F10: 46222 | G10: =IFERROR(F10-E10,"") -> 14
A11: صفة الوضوء | B11: جورجي | C11: أحمد الزهراني | D11: د. محمد السالم | E11: 46217 | F11: 46222 | G11: =IFERROR(F11-E11,"") -> 5
A12: صفة العمرة | B12: بشتو | C12: فاطمة العتيبي | D12: د. محمد السالم | E12: 46216 | F12: 46226 | G12: =IFERROR(F12-E12,"") -> 10
A13: أذكار الصباح والمساء | B13: تاميلي | C13: يوسف البقمي | D13: د. محمد السالم | E13: 46214 | F13: 46227 | G13: =IFERROR(F13-E13,"") -> 13
A14: أركان الإيمان | B14: بنغالي | C14: سلطان المالكي | D14: د. سارة الأنصاري | E14: 46217 | F14: 46229 | G14: =IFERROR(F14-E14,"") -> 12
A15: أركان الإيمان | B15: لاو | C15: يوسف البقمي | D15: د. طارق المنصور | E15: 46227 | F15: 46234 | G15: =IFERROR(F15-E15,"") -> 7
... A29: صفة الوضوء | B29: تلقو | C29: مريم الدوسري | D29: د. سارة الأنصاري | E29: 46257 | F29: 46271 | G29: =IFERROR(F29-E29,"") -> 14
A31: متوسط مدة التنفيذ (يوم) | G31: =IFERROR(ROUND(AVERAGE(G4:G29),1),"") -> 10.7

Sheet _بيانات
A1: اللغات | B1: الحالات | C1: المقيّمون
A2: عربي | B2: قيد التكليف | C2: د. محمد السالم
A3: إنجليزي | B3: قيد التحرير | C3: د. سارة الأنصاري
A4: روسي | B4: بانتظار التقييم | C4: د. عمر الجابر
A5: فرنسي | B5: مطلوب تعديل | C5: د. ليلى الرشيد
A6: بنغالي | B6: معتمد نهائياً | C6: د. طارق المنصور
A7: كوري
A8: صيني
A9: برتغالي
A10: سواحلي
A11: أذري
A12: الماني
A13: هندي
A14: إندونيسي
A15: هوسا
A16: ألباني
A17: هولندي
A18: تركي
... A52: جولا
